email,first_name,last_name,address,address_2,city,state,zip,country,created_at
jsmith@email.com,John,Smith,123 Main St,,New York,NY,10001,USA,2024-01-15 09:23:45
mwilson@email.com,Michael,Wilson,456 Oak Rd,,Chicago,IL,60601,USA,2024-01-15 11:30:18
lchen@email.org,Li,Chen,987 Cedar Ln,Unit 3C,San Francisco,CA,94102,USA,2024-01-15 12:45:33
kpatel@email.net,Kiran,Patel,654 Elm St,,Houston,TX,77001,USA,2024-01-15 13:20:11
rthomas@email.com,Rachel,Thomas,234 Birch Ave,Apt 7,Phoenix,AZ,85001,USA,2024-01-15 14:10:55
jbrown@email.org,James,Brown,876 Pine St,,Philadelphia,PA,19101,USA,2024-01-15 15:30:42
sdavis@email.net,Sarah,Davis,543 Maple Dr,Suite 202,San Diego,CA,92101,USA,2024-01-15 16:45:19
rwang@email.com,Robert,Wang,321 Spruce Rd,,Dallas,TX,75201,USA,2024-01-15 17:20:33
mlee@email.org,Michelle,Lee,789 Oak St,Unit 5D,San Jose,CA,95101,USA,2024-01-15 18:15:47
tgupta@email.net,Tej,Gupta,432 Cedar Ave,,Austin,TX,78701,USA,2024-01-16 09:10:23
kkim@email.com,Kelly,Kim,876 Elm Ln,Apt 12B,Seattle,WA,98101,USA,2024-01-16 10:25:38
drodriguez@email.org,David,Rodriguez,654 Pine Rd,,Denver,CO,80201,USA,2024-01-16 11:40:15
jnguyen@email.net,Jennifer,Nguyen,345 Maple St,Floor 3,Boston,MA,2101,USA,2024-01-16 12:55:29
msingh@email.com,Manish,Singh,987 Birch Dr,,Portland,OR,97201,USA,2024-01-16 13:30:44
awhite@email.org,Amanda,White,234 Oak Ave,Suite 405,Miami,FL,33101,USA,2024-01-16 14:45:12
tchen@email.net,Tony,Chen,876 Cedar St,,Atlanta,GA,30301,USA,2024-01-16 15:20:36
lgarcia@email.com,Luis,Garcia,543 Spruce Ln,Apt 9C,Las Vegas,NV,89101,USA,2024-01-16 16:35:51
kshah@email.org,Kavita,Shah,321 Elm Dr,,Minneapolis,MN,55401,USA,2024-01-16 17:50:27
rwilson@email.net,Ryan,Wilson,789 Pine Ave,Unit 8,Detroit,MI,48201,USA,2024-01-16 18:15:42
emartin@email.com,Emma,Martin,123 Cedar St,,Sacramento,CA,95814,USA,2024-01-17 09:10:15
jpark@email.net,Jin,Park,789 Elm Ave,Apt 15A,Salt Lake City,UT,84101,USA,2024-01-17 10:25:30
tmueller@email.org,Thomas,Mueller,456 Oak Ln,,Charlotte,NC,28201,USA,2024-01-17 11:40:45
slee@email.com,Sofia,Lee,987 Maple Rd,Suite 303,Nashville,TN,37201,USA,2024-01-17 12:55:20
rjohnson@email.net,Robert,Johnson,654 Pine Dr,,Cleveland,OH,44101,USA,2024-01-17 13:30:35
ashah@email.org,Anita,Shah,234 Spruce St,Unit 6B,Kansas City,MO,64101,USA,2024-01-17 14:45:50
dkim@email.com,David,Kim,876 Birch Ave,,Raleigh,NC,27601,USA,2024-01-17 15:20:15
mlopez@email.net,Maria,Lopez,543 Cedar Ln,Floor 4,Indianapolis,IN,46201,USA,2024-01-17 16:35:30
hwang@email.org,Henry,Wang,321 Oak Dr,,Columbus,OH,43201,USA,2024-01-17 17:50:45
spatel@email.com,Sanjay,Patel,789 Elm Rd,Apt 11C,Milwaukee,WI,53201,USA,2024-01-17 18:15:20
cthomas@email.net,Christine,Thomas,432 Pine Ave,,Pittsburgh,PA,15201,USA,2024-01-18 09:10:35
bnguyen@email.org,Brian,Nguyen,876 Maple St,Suite 505,Cincinnati,OH,45201,USA,2024-01-18 10:25:50
mwilliams@email.com,Michael,Williams,654 Spruce Dr,,Orlando,FL,32801,USA,2024-01-18 11:40:15
jchen@email.net,Julia,Chen,345 Birch Ln,Unit 7D,St. Louis,MO,63101,USA,2024-01-18 12:55:30
rsingh@email.org,Raj,Singh,987 Cedar Ave,,Buffalo,NY,14201,USA,2024-01-18 13:30:45
kbrown@email.com,Kevin,Brown,234 Elm St,Apt 14B,Richmond,VA,23201,USA,2024-01-18 14:45:20
lzhou@email.net,Li,Zhou,876 Oak Rd,,Providence,RI,2901,USA,2024-01-18 15:20:35
gsmith@email.org,Grace,Smith,543 Pine Ln,Suite 606,Memphis,TN,38101,USA,2024-01-18 16:35:50
vkumar@email.com,Vijay,Kumar,321 Maple Dr,,Louisville,KY,40201,USA,2024-01-18 17:50:15
mrodriguez@email.net,Miguel,Rodriguez,789 Spruce Ave,Floor 2,Oklahoma City,OK,73101,USA,2024-01-18 18:15:30
dlee@email.org,Daniel,Lee,432 Birch St,,Albuquerque,NM,87101,USA,2024-01-19 09:10:45
hpatel@email.com,Harish,Patel,876 Cedar Dr,Apt 18C,Tucson,AZ,85701,USA,2024-01-19 10:25:20
janderson@email.net,Jessica,Anderson,654 Oak Ave,,Fresno,CA,93701,USA,2024-01-19 11:40:35
ychen@email.org,Yan,Chen,345 Elm Ln,Suite 707,Omaha,NE,68101,USA,2024-01-19 12:55:50
kthomas@email.com,Karen,Thomas,987 Pine St,,Oakland,CA,94601,USA,2024-01-19 13:30:15
rgarcia@email.net,Roberto,Garcia,234 Maple Rd,Unit 9E,Baton Rouge,LA,70801,USA,2024-01-19 14:45:30
swang@email.org,Steven,Wang,876 Spruce Ave,,Des Moines,IA,50301,USA,2024-01-19 15:20:45
tkim@email.com,Tae,Kim,543 Birch Dr,Apt 20D,Birmingham,AL,35201,USA,2024-01-19 16:35:20
mshah@email.net,Maya,Shah,321 Cedar Ln,,Little Rock,AR,72201,USA,2024-01-19 17:50:35
amorales@email.com,Ana,Morales,432 Elm Ave,,Madison,WI,53701,USA,2024-01-20 09:10:15
bwilson@email.net,Benjamin,Wilson,876 Pine Ln,Floor 5,Columbia,SC,29201,USA,2024-01-20 10:25:30
clee@email.org,Christina,Lee,654 Maple Dr,,Springfield,IL,62701,USA,2024-01-20 11:40:45
dpatel@email.com,Deepak,Patel,345 Spruce St,Apt 22E,Montgomery,AL,36101,USA,2024-01-20 12:55:20
echen@email.net,Emily,Chen,987 Birch Ave,,Augusta,ME,4330,USA,2024-01-20 13:30:35
flopez@email.org,Fernando,Lopez,234 Cedar Rd,Suite 909,Lansing,MI,48901,USA,2024-01-20 14:45:50
gkim@email.com,Grace,Kim,876 Oak Ln,,Concord,NH,3301,USA,2024-01-20 15:20:15
hsingh@email.net,Harpreet,Singh,543 Elm Dr,Unit 11F,Santa Fe,NM,87501,USA,2024-01-20 16:35:30
iwang@email.org,Ian,Wang,321 Pine Ave,,Carson City,NV,89701,USA,2024-01-20 17:50:45
jthomas@email.com,Jennifer,Thomas,789 Maple St,Apt 24G,Dover,DE,19901,USA,2024-01-20 18:15:20
krodriguez@email.net,Kevin,Rodriguez,432 Spruce Ave,,Salem,OR,97301,USA,2024-01-21 09:10:35
lgarcia@email.org,Laura,Garcia,876 Birch St,Suite 1010,Cheyenne,WY,82001,USA,2024-01-21 10:25:50
mchen@email.com,Michael,Chen,654 Cedar Ln,,Helena,MT,59601,USA,2024-01-21 11:40:15
nnguyen@email.net,Nancy,Nguyen,345 Oak Dr,Floor 6,Pierre,SD,57501,USA,2024-01-21 12:55:30
opatel@email.org,Omar,Patel,987 Elm Ave,,Bismarck,ND,58501,USA,2024-01-21 13:30:45
plee@email.com,Patricia,Lee,234 Pine Rd,Apt 26H,Montpelier,VT,5601,USA,2024-01-21 14:45:20
qwang@email.net,Qian,Wang,876 Maple Ln,,Juneau,AK,99801,USA,2024-01-21 15:20:35
rsmith@email.org,Rachel,Smith,543 Spruce St,Suite 1111,Honolulu,HI,96801,USA,2024-01-21 16:35:50
sthomas@email.com,Samuel,Thomas,321 Birch Dr,,San Juan,PR,901,USA,2024-01-21 17:50:15
tkim@email.net,Tina,Kim,789 Cedar Ave,Unit 13G,Annapolis,MD,21401,USA,2024-01-21 18:15:30
ugarcia@email.org,Ursula,Garcia,432 Oak St,,Hartford,CT,6101,USA,2024-01-22 09:10:45
vpatel@email.com,Vikram,Patel,876 Elm Rd,Apt 28I,Trenton,NJ,8601,USA,2024-01-22 10:25:20
wchen@email.net,William,Chen,654 Pine Ave,,Providence,RI,2901,USA,2024-01-22 11:40:35
xwang@email.org,Xia,Wang,345 Maple St,Suite 1212,Albany,NY,12201,USA,2024-01-22 12:55:50
ylee@email.com,Yun,Lee,987 Spruce Ln,,Harrisburg,PA,17101,USA,2024-01-22 13:30:15
zthomas@email.net,Zachary,Thomas,234 Birch Ave,Floor 7,Tallahassee,FL,32301,USA,2024-01-22 14:45:30
akumar@email.org,Arun,Kumar,876 Cedar Dr,,Jefferson City,MO,65101,USA,2024-01-22 15:20:45
bsmith@email.com,Barbara,Smith,543 Oak Ln,Apt 30J,Nashville,TN,37201,USA,2024-01-22 16:35:20
cgarcia@email.net,Carlos,Garcia,321 Elm St,,Baton Rouge,LA,70801,USA,2024-01-22 17:50:35
epatel@email.com,Elena,Patel,432 Maple Ave,,Sacramento,CA,95814,USA,2024-01-23 09:10:15
fwang@email.net,Frank,Wang,876 Spruce St,Unit 15H,Salt Lake City,UT,84101,USA,2024-01-23 10:25:30
glee@email.org,George,Lee,654 Birch Ln,,Oklahoma City,OK,73101,USA,2024-01-23 11:40:45
hnguyen@email.com,Helen,Nguyen,345 Cedar Dr,Apt 32K,Phoenix,AZ,85001,USA,2024-01-23 12:55:20
ismith@email.net,Ian,Smith,987 Oak Ave,,Denver,CO,80201,USA,2024-01-23 13:30:35
jkim@email.org,Julia,Kim,234 Elm Rd,Suite 1414,Atlanta,GA,30301,USA,2024-01-23 14:45:50
kgarcia@email.com,Karen,Garcia,876 Pine St,,Boston,MA,2201,USA,2024-01-23 15:20:15
lchen@email.net,Larry,Chen,543 Maple Ln,Floor 8,Chicago,IL,60601,USA,2024-01-23 16:35:30
mpatel@email.org,Maya,Patel,321 Spruce Ave,,Seattle,WA,98101,USA,2024-01-23 17:50:45
nwang@email.com,Nathan,Wang,789 Birch St,Apt 34L,Miami,FL,33101,USA,2024-01-23 18:15:20
olee@email.net,Oliver,Lee,432 Cedar St,,Portland,OR,97201,USA,2024-01-24 09:10:35
pnguyen@email.org,Patricia,Nguyen,876 Oak Ave,Suite 1515,Las Vegas,NV,89101,USA,2024-01-24 10:25:50
qsmith@email.com,Quinn,Smith,654 Elm Dr,,Minneapolis,MN,55401,USA,2024-01-24 11:40:15
rchen@email.net,Rachel,Chen,345 Pine Ln,Unit 17I,Detroit,MI,48201,USA,2024-01-24 12:55:30
sgarcia@email.org,Samuel,Garcia,987 Maple St,,Cleveland,OH,44101,USA,2024-01-24 13:30:45
tpatel@email.com,Tara,Patel,234 Spruce Ave,Apt 36M,Kansas City,MO,64101,USA,2024-01-24 14:45:20
uwang@email.net,Uma,Wang,876 Birch Rd,,Indianapolis,IN,46201,USA,2024-01-24 15:20:35
vlee@email.org,Victor,Lee,543 Cedar Dr,Suite 1616,Columbus,OH,43201,USA,2024-01-24 16:35:50
wkim@email.com,William,Kim,321 Oak Ln,,Milwaukee,WI,53201,USA,2024-01-24 17:50:15
xnguyen@email.net,Xuan,Nguyen,789 Elm Ave,Floor 9,Pittsburgh,PA,15201,USA,2024-01-24 18:15:30
ysmith@email.org,Yolanda,Smith,432 Pine St,,Cincinnati,OH,45201,USA,2024-01-25 09:10:45
zchen@email.com,Zhi,Chen,876 Maple Dr,Apt 38N,St. Louis,MO,63101,USA,2024-01-25 10:25:20
agarcia@email.net,Adrian,Garcia,654 Spruce Ln,,Buffalo,NY,14201,USA,2024-01-25 11:40:35
bpatel@email.org,Bianca,Patel,345 Birch Ave,Suite 1717,Richmond,VA,23201,USA,2024-01-25 12:55:50
cwang@email.com,Catherine,Wang,987 Cedar St,,Memphis,TN,38101,USA,2024-01-25 13:30:15
dlee@email.net,Daniel,Lee,234 Oak Rd,Unit 19J,Louisville,KY,40201,USA,2024-01-25 14:45:30
ekim@email.org,Emily,Kim,876 Elm Dr,,Birmingham,AL,35201,USA,2024-01-25 15:20:45
fnguyen@email.com,Frank,Nguyen,543 Pine Ave,Apt 40O,Rochester,NY,14602,USA,2024-01-25 16:35:20
gsmith@email.net,Grace,Smith,321 Maple Ln,,Durham,NC,27701,USA,2024-01-25 17:50:35
hchen@email.org,Henry,Chen,789 Spruce St,Suite 1818,Tulsa,OK,74103,USA,2024-01-25 18:15:50
igarcia@email.com,Isabel,Garcia,432 Birch Rd,,Fort Worth,TX,76102,USA,2024-01-26 09:10:15
jpatel@email.net,Jay,Patel,876 Cedar Ave,Floor 10,Jersey City,NJ,7302,USA,2024-01-26 10:25:30
kwang@email.org,Kelly,Wang,654 Oak Dr,,St. Paul,MN,55101,USA,2024-01-26 11:40:45
llee@email.com,Linda,Lee,345 Elm St,Apt 42P,Norfolk,VA,23510,USA,2024-01-26 12:55:20
mkim@email.net,Michael,Kim,987 Pine Ln,,Madison,WI,53703,USA,2024-01-26 13:30:35
nnguyen@email.org,Nancy,Nguyen,234 Maple Ave,Suite 1919,Reno,NV,89501,USA,2024-01-26 14:45:50
osmith@email.com,Oliver,Smith,876 Spruce Dr,,Spokane,WA,99201,USA,2024-01-26 15:20:15
pchen@email.net,Patricia,Chen,543 Birch St,Unit 21K,Tampa,FL,33602,USA,2024-01-26 16:35:30
qgarcia@email.org,Quinn,Garcia,321 Cedar Ln,,Cincinnati,OH,45202,USA,2024-01-26 17:50:45
rpatel@email.com,Rita,Patel,789 Oak Ave,Apt 44Q,Oakland,CA,94612,USA,2024-01-26 18:15:20
swang@email.net,Samuel,Wang,432 Elm Rd,,Omaha,NE,68102,USA,2024-01-27 09:10:35
tlee@email.org,Tina,Lee,876 Pine St,Suite 2020,Toledo,OH,43604,USA,2024-01-27 10:25:50
ukim@email.com,Uma,Kim,654 Maple Dr,,Boise,ID,83702,USA,2024-01-27 11:40:15
vnguyen@email.net,Victor,Nguyen,345 Spruce Ln,Floor 11,Grand Rapids,MI,49503,USA,2024-01-27 12:55:30
wsmith@email.org,William,Smith,987 Birch Ave,,Lubbock,TX,79401,USA,2024-01-27 13:30:45
xchen@email.com,Xia,Chen,234 Cedar St,Apt 46R,Winston-Salem,NC,27101,USA,2024-01-27 14:45:20
ygarcia@email.net,Yolanda,Garcia,876 Oak Rd,,Glendale,AZ,85301,USA,2024-01-27 15:20:35
zpatel@email.org,Zara,Patel,543 Elm Dr,Suite 2121,Irving,TX,75201,USA,2024-01-27 16:35:50
awang@email.com,Adam,Wang,321 Pine Ave,,Chesapeake,VA,23320,USA,2024-01-27 17:50:15
blee@email.net,Benjamin,Lee,789 Maple Ln,Unit 23L,Scottsdale,AZ,85251,USA,2024-01-27 18:15:30
ckim@email.org,Catherine,Kim,432 Spruce St,,Orlando,FL,32801,USA,2024-01-28 09:10:45
dnguyen@email.com,David,Nguyen,876 Birch Rd,Apt 48S,Chandler,AZ,85225,USA,2024-01-28 10:25:20
esmith@email.net,Emily,Smith,654 Cedar Ave,,Laredo,TX,78040,USA,2024-01-28 11:40:35
fchen@email.org,Frank,Chen,345 Oak Dr,Suite 2222,Norfolk,VA,23510,USA,2024-01-28 12:55:50
ggarcia@email.com,Gloria,Garcia,987 Elm St,,Madison,WI,53703,USA,2024-01-28 13:30:15
hpatel@email.net,Harry,Patel,234 Pine Ln,Floor 12,Durham,NC,27701,USA,2024-01-28 14:45:30
jlee@email.com,Jason,Lee,543 Spruce Dr,Apt 50T,Jersey City,NJ,7302,USA,2024-01-28 16:35:20
kkim@email.net,Katherine,Kim,321 Birch St,,Fort Worth,TX,76102,USA,2024-01-28 17:50:35
lnguyen@email.org,Linda,Nguyen,789 Cedar Rd,Suite 2323,Spokane,WA,99201,USA,2024-01-28 18:15:50
msmith@email.com,Marcus,Smith,432 Oak Ln,,Tampa,FL,33602,USA,2024-01-29 09:10:15
nchen@email.net,Nina,Chen,876 Elm Ave,Suite 2424,Toledo,OH,43604,USA,2024-01-29 10:25:30
ogarcia@email.org,Oscar,Garcia,654 Pine St,,Boise,ID,83702,USA,2024-01-29 11:40:45
ppatel@email.com,Priya,Patel,345 Maple Dr,Apt 52U,Lubbock,TX,79401,USA,2024-01-29 12:55:20
rlee@email.org,Rachel,Lee,234 Birch Ave,Floor 14,Irving,TX,75201,USA,2024-01-29 14:45:50
skim@email.com,Samuel,Kim,876 Cedar St,,Winston-Salem,NC,27101,USA,2024-01-29 15:20:15
tnguyen@email.net,Tara,Nguyen,543 Oak Rd,Suite 2525,Chesapeake,VA,23320,USA,2024-01-29 16:35:30
usmith@email.org,Uma,Smith,321 Elm Dr,,Scottsdale,AZ,85251,USA,2024-01-29 17:50:45
vchen@email.com,Victor,Chen,789 Pine Ave,Unit 25M,Chandler,AZ,85225,USA,2024-01-29 18:15:20
wgarcia@email.net,William,Garcia,432 Maple St,,Laredo,TX,78040,USA,2024-01-30 09:10:35
xpatel@email.org,Xin,Patel,876 Spruce Rd,Apt 54V,Norfolk,VA,23510,USA,2024-01-30 10:25:50
ywang@email.com,Yuki,Wang,654 Birch Ln,,Madison,WI,53703,USA,2024-01-30 11:40:15
zlee@email.net,Zara,Lee,345 Cedar Dr,Suite 2626,Durham,NC,27701,USA,2024-01-30 12:55:30
akim@email.org,Aaron,Kim,987 Oak Ave,,Reno,NV,89501,USA,2024-01-30 13:30:45
bnguyen@email.com,Bella,Nguyen,234 Elm St,Floor 15,Jersey City,NJ,7302,USA,2024-01-30 14:45:20
csmith@email.net,Connor,Smith,876 Pine Rd,,Fort Worth,TX,76102,USA,2024-01-30 15:20:35
dchen@email.org,Diana,Chen,543 Maple Ln,Apt 56W,Spokane,WA,99201,USA,2024-01-30 16:35:50
egarcia@email.com,Ethan,Garcia,321 Spruce Ave,,Tampa,FL,33602,USA,2024-01-30 17:50:15
fpatel@email.net,Fiona,Patel,789 Birch St,Suite 2727,Toledo,OH,43604,USA,2024-01-30 18:15:30
gwang@email.org,George,Wang,432 Cedar Rd,,Boise,ID,83702,USA,2024-01-31 09:10:45
hlee@email.com,Hannah,Lee,876 Oak Dr,Unit 27N,Grand Rapids,MI,49503,USA,2024-01-31 10:25:20
ikim@email.net,Ian,Kim,654 Elm Ave,,Lubbock,TX,79401,USA,2024-01-31 11:40:35
jnguyen@email.org,Julia,Nguyen,345 Pine St,Apt 58X,Glendale,AZ,85301,USA,2024-01-31 12:55:50
ksmith@email.com,Kevin,Smith,987 Maple Dr,,Irving,TX,75201,USA,2024-01-31 13:30:15